1	1	Álvaro Obregón
1	2	Azcapotzalco
1	3	Benito Juárez
1	4	Coyoacán
1	5	Cuajimalpa de Morelos
1	6	Cuauhtémoc
1	7	Gustavo A. Madero
1	8	Iztacalco
1	9	Iztapalapa
1	10	La Magdalena Contreras
1	11	Miguel Hidalgo
1	12	Milpa Alta
1	13	Tláhuac
1	14	Tlalpan
1	15	Venustiano Carranza
1	16	Xochimilco
2	1	Aguascalientes
2	2	San Francisco de los Romo
2	3	El Llano
2	4	Rincón de Romos
2	5	Cosío
2	6	San José de Gracia
2	7	Tepezalá
2	8	Pabellón de Arteaga
2	9	Asientos
2	10	Calvillo
2	11	Jesús María
3	1	Mexicali
3	2	Tecate
3	3	Tijuana
3	4	Playas de Rosarito
3	5	Ensenada
4	1	La Paz
4	2	Los Cabos
4	3	Comondú
4	4	Loreto
4	5	Mulegé
5	1	Campeche
5	2	Carmen
5	3	Palizada
5	4	Candelaria
5	5	Escárcega
5	6	Champotón
5	7	Hopelchén
5	8	Calakmul
5	9	Tenabo
5	10	Hecelchakán
5	11	Calkiní
6	1	Saltillo
6	2	Arteaga
6	3	Juárez
6	4	Progreso
6	5	Escobedo
6	6	San Buenaventura
6	7	Abasolo
6	8	Candela
6	9	Monclova
6	10	Frontera
6	11	Castaños
6	12	Ramos Arizpe
6	13	General Cepeda
6	14	Piedras Negras
6	15	Nava
6	16	Acuña
6	17	Múzquiz
6	18	Jiménez
6	19	Zaragoza
6	20	Morelos
6	21	Allende
6	22	Villa Unión
6	23	Guerrero
6	24	Hidalgo
6	25	San Juan de Sabinas
6	26	Sabinas
6	27	Torreón
6	28	Matamoros
6	29	Viesca
6	30	Ocampo
6	31	Nadadores
6	32	Sierra Mojada
6	33	Cuatro Ciénegas
6	34	Lamadrid
6	35	Sacramento
6	36	Francisco I. Madero
6	37	San Pedro
6	38	Parras
7	1	Colima
7	2	Tecomán
7	3	Manzanillo
7	4	Armería
7	5	Coquimatlán
7	6	Comala
7	7	Cuauhtémoc
7	8	Colima
7	9	Ixtlahuacán
7	10	Minatitlán
7	11	Manzanillo
7	12	Tecomán
7	13	Villa de Álvarez
8	1	Tuxtla Gutiérrez
8	2	San Fernando
8	3	Berriozábal
8	4	Ocozocoautla de Espinosa
8	5	Suchiapa
8	6	Chiapa de Corzo
8	7	Osumacinta
8	8	San Cristóbal de las Casas
8	9	Chamula
8	10	Ixtapa
8	11	Zinacantán
8	12	Acala
8	13	Chiapilla
8	14	San Lucas
8	15	Teopisca
8	16	Amatenango del Valle
8	17	Chanal
8	18	Oxchuc
8	19	Huixtán
8	20	Tenejapa
8	21	Mitontic
8	22	Reforma
8	23	Juárez
8	24	Pichucalco
8	25	Sunuapa
8	26	Ostuacán
8	27	Francisco León
8	28	Ixtacomitán
8	29	Solosuchiapa
8	30	Ixtapangajoya
8	31	Tecpatán
8	32	Copainalá
8	33	Chicoasén
8	34	Coapilla
8	35	Pantepec
8	36	Tapalapa
8	37	Ocotepec
8	38	Chapultenango
8	39	Amatán
8	40	Huitiupán
8	41	Ixhuatán
8	42	Tapilula
8	43	Rayón
8	44	Pueblo Nuevo Solistahuacán
8	45	Jitotol
8	46	Bochil
8	47	Soyaló
8	48	San Juan Cancuc
8	49	Sabanilla
8	50	Simojovel
8	51	San Andrés Duraznal
8	52	Simojovel
8	53	El Bosque
8	54	Chalchihuitán
8	55	Larráinzar
8	56	Santiago el Pinar
8	57	Chenalhó
8	58	Aldama
8	59	Pantelhó
8	60	Sitalá
8	61	Salto de Agua
8	62	Tila
8	63	Tumbalá
8	64	Yajalón
8	65	Ocosingo
8	66	Chilón
8	67	Ocosingo
8	68	Benemérito de las Américas
8	69	Marqués de Comillas
8	70	Palenque
8	71	La Libertad
8	72	Catazajá
8	73	Comitán de Domínguez
8	74	Tzimol
8	75	Chicomuselo
8	76	Bella Vista
8	77	Frontera Comalapa
8	78	La Trinitaria
8	79	La Independencia
8	80	Maravilla Tenejapa
8	81	Las Margaritas
8	82	Altamirano
8	83	Venustiano Carranza
8	84	Las Margaritas
8	85	Totolapa
8	86	Nicolás Ruíz
8	87	Las Rosas
8	88	La Concordia
8	89	Angel Albino Corzo
8	90	Montecristo de Guerrero
8	91	Angel Albino Corzo
8	92	Socoltenango
8	93	Cintalapa
8	94	Jiquipilas
8	95	Arriaga
8	96	Villaflores
8	97	Tonalá
8	98	Villa Corzo
8	99	Pijijiapan
8	100	Mapastepec
8	101	Acapetahua
8	102	Acacoyagua
8	103	Escuintla
8	104	Villa Comaltitlán
8	105	Huixtla
8	106	Mazatán
8	107	Huehuetán
8	108	Tuzantán
8	109	Tapachula
8	110	Suchiate
8	111	Frontera Hidalgo
8	112	Metapa
8	113	Tuxtla Chico
8	114	Unión Juárez
8	115	Cacahoatán
8	116	Motozintla
8	117	Mazapa de Madero
8	118	Amatenango de la Frontera
8	119	Bejucal de Ocampo
8	120	La Grandeza
8	121	El Porvenir
8	122	Siltepec
9	1	Chihuahua
9	2	Cuauhtémoc
9	3	Riva Palacio
9	4	Aquiles Serdán
9	5	Bachíniva
9	6	Guerrero
9	7	Nuevo Casas Grandes
9	8	Ascensión
9	9	Janos
9	10	Casas Grandes
9	11	Galeana
9	12	Buenaventura
9	13	Gómez Farías
9	14	Ignacio Zaragoza
9	15	Madera
9	16	Namiquipa
9	17	Temósachic
9	18	Matachí
9	19	Juárez
9	20	Guadalupe
9	21	Praxedis G. Guerrero
9	22	Ahumada
9	23	Coyame del Sotol
9	24	Ojinaga
9	25	Aldama
9	26	Julimes
9	27	Manuel Benavides
9	28	Delicias
9	29	Rosales
9	30	Meoqui
9	31	Dr. Belisario Domínguez
9	32	Satevó
9	33	San Francisco de Borja
9	34	Nonoava
9	35	Guachochi
9	36	Bocoyna
9	37	Cusihuiriachi
9	38	Gran Morelos
9	39	Santa Isabel
9	40	Carichí
9	41	Uruachi
9	42	Ocampo
9	43	Moris
9	44	Chínipas
9	45	Maguarichi
9	46	Guazapares
9	47	Batopilas
9	48	Urique
9	49	Morelos
9	50	Guadalupe y Calvo
9	51	San Francisco del Oro
9	52	Rosario
9	53	Huejotitán
9	54	El Tule
9	55	Balleza
9	56	Santa Bárbara
9	57	Camargo
9	58	Saucillo
9	59	Valle de Zaragoza
9	60	La Cruz
9	61	San Francisco de Conchos
9	62	Hidalgo del Parral
9	63	Allende
9	64	López
9	65	Matamoros
9	66	Jiménez
9	67	Coronado
10	1	Durango
10	2	Canatlán
10	3	Nuevo Ideal
10	4	Coneto de Comonfort
10	5	San Juan del Río
10	6	Canelas
10	7	Topia
10	8	Tamazula
10	9	Santiago Papasquiaro
10	10	Otáez
10	11	San Dimas
10	12	Guadalupe Victoria
10	13	Peñón Blanco
10	14	Pánuco de Coronado
10	15	Poanas
10	16	Nombre de Dios
10	17	Vicente Guerrero
10	18	Súchil
10	19	Pueblo Nuevo
10	20	Mezquital
10	21	Gómez Palacio
10	22	Lerdo
10	23	Mapimí
10	24	Tlahualilo
10	25	Hidalgo
10	26	Ocampo
10	27	Guanaceví
10	28	San Bernardo
10	29	Indé
10	30	San Pedro del Gallo
10	31	Tepehuanes
10	32	El Oro
10	33	Nazas
10	34	San Luis del Cordero
10	35	Rodeo
10	36	Cuencamé
10	37	Santa Clara
10	38	San Juan de Guadalupe
10	39	General Simón Bolívar
11	1	Guanajuato
11	2	Romita
11	3	Silao de la Victoria
11	4	Purísima del Rincón
11	5	San Francisco del Rincón
11	6	Manuel Doblado
11	7	Irapuato
11	8	Salamanca
11	9	Pueblo Nuevo
11	10	Pénjamo
11	11	Cuerámaro
11	12	Abasolo
11	13	Huanímaro
11	14	San Felipe
11	15	Ocampo
11	16	León
11	17	Dolores Hidalgo Cuna de la Independencia Nacional
11	18	San Diego de la Unión
11	19	San Miguel de Allende
11	20	San Luis de la Paz
11	21	Victoria
11	22	Xichú
11	23	Atarjea
11	24	Santa Catarina
11	25	Doctor Mora
11	26	Tierra Blanca
11	27	San José Iturbide
11	28	Celaya
11	29	Apaseo el Grande
11	30	Comonfort
11	31	Santa Cruz de Juventino Rosas
11	32	Villagrán
11	33	Cortazar
11	34	Valle de Santiago
11	35	Jaral del Progreso
11	36	Apaseo el Alto
11	37	Jerécuaro
11	38	Coroneo
11	39	Tarimoro
11	40	Acámbaro
11	41	Tarandacuao
11	42	Salvatierra
11	43	Yuriria
11	44	Santiago Maravatío
11	45	Uriangato
11	46	Moroleón
12	1	Chilpancingo de los Bravo
12	2	General Heliodoro Castillo
12	3	Leonardo Bravo
12	4	Tixtla de Guerrero
12	5	Ayutla de los Libres
12	6	Mochitlán
12	7	Quechultenango
12	8	Tecoanapa
12	9	Acapulco de Juárez
12	10	Juan R. Escudero
12	11	San Marcos
12	12	Iguala de la Independencia
12	13	Huitzuco de los Figueroa
12	14	Tepecoacuilco de Trujano
12	15	Eduardo Neri
12	16	Taxco de Alarcón
12	17	Buenavista de Cuéllar
12	18	Tetipac
12	19	Pilcaya
12	20	Teloloapan
12	21	Ixcateopan de Cuauhtémoc
12	22	Pedro Ascencio Alquisiras
12	23	General Canuto A. Neri
12	24	Arcelia
12	25	Apaxtla
12	26	Cuetzala del Progreso
12	27	Cocula
12	28	Tlapehuala
12	29	Cutzamala de Pinzón
12	30	Pungarabato
12	31	Tlalchapa
12	32	Coyuca de Catalán
12	33	Ajuchitlán del Progreso
12	34	Zirándaro
12	35	San Miguel Totolapan
12	36	La Unión de Isidoro Montes de Oca
12	37	Petatlán
12	38	Coahuayutla de José María Izazaga
12	39	Zihuatanejo de Azueta
12	40	Técpan de Galeana
12	41	Atoyac de Álvarez
12	42	Benito Juárez
12	43	Coyuca de Benítez
12	44	Olinalá
12	45	Atenango del Río
12	46	Copalillo
12	47	Cualác
12	48	Chilapa de Álvarez
12	49	José Joaquín de Herrera
12	50	Ahuacuotzingo
12	51	Zitlala
12	52	Mártir de Cuilapan
12	53	Huamuxtitlán
12	54	Xochihuehuetlán
12	55	Alpoyeca
12	56	Tlapa de Comonfort
12	57	Tlalixtaquilla de Maldonado
12	58	Xalpatláhuac
12	59	Zapotitlán Tablas
12	60	Acatepec
12	61	Atlixtac
12	62	Copanatoyac
12	63	Malinaltepec
12	64	Iliatenco
12	65	Tlacoapa
12	66	Atlamajalcingo del Monte
12	67	San Luis Acatlán
12	68	Metlatónoc
12	69	Cochoapa el Grande
12	70	Alcozauca de Guerrero
12	71	Ometepec
12	72	Tlacoachistlahuaca
12	73	Xochistlahuaca
12	74	Florencio Villarreal
12	75	Cuautepec
12	76	Copala
12	77	Azoyú
12	78	Juchitán
12	79	Marquelia
12	80	Cuajinicuilapa
12	81	Igualapa
13	1	Pachuca de Soto
13	2	Mineral del Chico
13	3	Mineral del Monte
13	4	Ajacuba
13	5	San Agustín Tlaxiaca
13	6	Mineral de la Reforma
13	7	Zapotlán de Juárez
13	8	Jacala de Ledezma
13	9	Pisaflores
13	10	Pacula
13	11	La Misión
13	12	Chapulhuacán
13	13	Ixmiquilpan
13	14	Zimapán
13	15	Nicolás Flores
13	16	Cardonal
13	17	Tasquillo
13	18	Alfajayucan
13	19	Huichapan
13	20	Tecozautla
13	21	Nopala de Villagrán
13	22	Actopan
13	23	Santiago de Anaya
13	24	San Salvador
13	25	Francisco I. Madero
13	26	El Arenal
13	27	Mixquiahuala de Juárez
13	28	Progreso de Obregón
13	29	Chilcuautla
13	30	Tezontepec de Aldama
13	31	Tlahuelilpan
13	32	Tula de Allende
13	33	Tepeji del Río de Ocampo
13	34	Chapantongo
13	35	Tepetitlán
13	36	Tetepango
13	37	Tlaxcoapan
13	38	Atitalaquia
13	39	Atotonilco de Tula
13	40	Huejutla de Reyes
13	41	San Felipe Orizatlán
13	42	Jaltocán
13	43	Huautla
13	44	Atlapexco
13	45	Huazalingo
13	46	Yahualica
13	47	Xochiatipan
13	48	Molango de Escamilla
13	49	Tepehuacán de Guerrero
13	50	Lolotla
13	51	Tlanchinol
13	52	Tlahuiltepa
13	53	Juárez Hidalgo
13	54	Zacualtipán de Ángeles
13	55	Calnali
13	56	Xochicoatlán
13	57	Tianguistengo
13	58	Atotonilco el Grande
13	59	Eloxochitlán
13	60	Metztitlán
13	61	San Agustín Metzquititlán
13	62	Metepec
13	63	Huehuetla
13	64	San Bartolo Tutotepec
13	65	Agua Blanca de Iturbide
13	66	Tenango de Doria
13	67	Huasca de Ocampo
13	68	Acatlán
13	69	Omitlán de Juárez
13	70	Epazoyucan
13	71	Tulancingo de Bravo
13	72	Acaxochitlán
13	73	Cuautepec de Hinojosa
13	74	Santiago Tulantepec de Lugo Guerrero
13	75	Singuilucan
13	76	Tizayuca
13	77	Zempoala
13	78	Tolcayuca
13	79	Villa de Tezontepec
13	80	Apan
13	81	Tlanalapa
13	82	Almoloya
13	83	Emiliano Zapata
13	84	Tepeapulco
14	1	Guadalajara
14	2	Zapopan
14	3	San Cristóbal de la Barranca
14	4	Ixtlahuacán del Río
14	5	Tala
14	6	El Arenal
14	7	Amatitán
14	8	Tonalá
14	9	Zapotlanejo
14	10	Acatic
14	11	Cuquío
14	12	San Pedro Tlaquepaque
14	13	Tlajomulco de Zúñiga
14	14	El Salto
14	15	Acatlán de Juárez
14	16	Villa Corona
14	17	Zacoalco de Torres
14	18	Atemajac de Brizuela
14	19	Jocotepec
14	20	Ixtlahuacán de los Membrillos
14	21	Juanacatlán
14	22	Chapala
14	23	Poncitlán
14	24	Zapotlán del Rey
14	25	Huejuquilla el Alto
14	26	Mezquitic
14	27	Villa Guerrero
14	28	Bolaños
14	29	Totatiche
14	30	Colotlán
14	31	Santa María de los Ángeles
14	32	Huejúcar
14	33	Chimaltitán
14	34	San Martín de Bolaños
14	35	Tequila
14	36	Hostotipaquillo
14	37	Magdalena
14	38	Etzatlán
14	39	San Marcos
14	40	San Juanito de Escobedo
14	41	Ameca
14	42	Ahualulco de Mercado
14	43	Teuchitlán
14	44	San Martín Hidalgo
14	45	Guachinango
14	46	Mixtlán
14	47	Mascota
14	48	San Sebastián del Oeste
14	49	San Juan de los Lagos
14	50	Jalostotitlán
14	51	San Miguel el Alto
14	52	San Julián
14	53	Arandas
14	54	San Ignacio Cerro Gordo
14	55	Teocaltiche
14	56	Villa Hidalgo
14	57	Encarnación de Díaz
14	58	Yahualica de González Gallo
14	59	Mexticacán
14	60	Cañadas de Obregón
14	61	Valle de Guadalupe
14	62	Lagos de Moreno
14	63	Ojuelos de Jalisco
14	64	Unión de San Antonio
14	65	San Diego de Alejandría
14	66	Tepatitlán de Morelos
14	67	Tototlán
14	68	Atotonilco el Alto
14	69	Ocotlán
14	70	Jamay
14	71	La Barca
14	72	Ayotlán
14	73	Jesús María
14	74	Degollado
14	75	Unión de Tula
14	76	Ayutla
14	77	Atenguillo
14	78	Cuautla
14	79	Atengo
14	80	Talpa de Allende
14	81	Puerto Vallarta
14	82	Cabo Corrientes
14	83	Tomatlán
14	84	Cocula
14	85	Tecolotlán
14	86	Tenamaxtlán
14	87	Juchitlán
14	88	Chiquilistlán
14	89	Ejutla
14	90	El Limón
14	91	El Grullo
14	92	Tonaya
14	93	Tuxcacuesco
14	94	Villa Purificación
14	95	La Huerta
14	96	Autlán de Navarro
14	97	Casimiro Castillo
14	98	Cuautitlán de García Barragán
14	99	Cihuatlán
14	100	Zapotlán el Grande
14	101	Gómez Farías
14	102	Concepción de Buenos Aires
14	103	Atoyac
14	104	Techaluta de Montenegro
14	105	Teocuitatlán de Corona
14	106	Sayula
14	107	Tapalpa
14	108	Amacueca
14	109	Tizapán el Alto
14	110	Tuxcueca
14	111	La Manzanilla de la Paz
14	112	Mazamitla
14	113	Valle de Juárez
14	114	Quitupan
14	115	Zapotiltic
14	116	Tamazula de Gordiano
14	117	San Gabriel
14	118	Tolimán
14	119	Zapotitlán de Vadillo
14	120	Tuxpan
14	121	Tonila
14	122	Pihuamo
14	123	Tecalitlán
14	124	Jilotlán de los Dolores
14	125	Santa María del Oro
15	1	Toluca
15	2	Acambay de Ruíz Castañeda
15	3	Aculco
15	4	Temascalcingo
15	5	Atlacomulco
15	6	Timilpan
15	7	Morelos
15	8	El Oro
15	9	San José del Rincón
15	10	San Felipe del Progreso
15	11	Jocotitlán
15	12	Ixtlahuaca
15	13	Jiquipilco
15	14	Temoaya
15	15	Almoloya de Juárez
15	16	Villa Victoria
15	17	Villa de Allende
15	18	Donato Guerra
15	19	Ixtapan del Oro
15	20	Santo Tomás
15	21	Otzoloapan
15	22	Zacazonapan
15	23	Valle de Bravo
15	24	Amanalco
15	25	Temascaltepec
15	26	Zinacantepec
15	27	Tejupilco
15	28	Luvianos
15	29	San Simón de Guerrero
15	30	Amatepec
15	31	Tlatlaya
15	32	Sultepec
15	33	Texcaltitlán
15	34	Coatepec Harinas
15	35	Villa Guerrero
15	36	Zacualpan
15	37	Almoloya de Alquisiras
15	38	Ixtapan de la Sal
15	39	Tonatico
15	40	Zumpahuacán
15	41	Lerma
15	42	Xonacatlán
15	43	Otzolotepec
15	44	San Mateo Atenco
15	45	Metepec
15	46	Mexicaltzingo
15	47	Calimaya
15	48	Chapultepec
15	49	San Antonio la Isla
15	50	Tenango del Valle
15	51	Rayón
15	52	Joquicingo
15	53	Tenancingo
15	54	Malinalco
15	55	Ocuilan
15	56	Atizapán
15	57	Almoloya del Río
15	58	Texcalyacac
15	59	Tianguistenco
15	60	Xalatlaco
15	61	Capulhuac
15	62	Ocoyoacac
15	63	Huixquilucan
15	64	Atizapán de Zaragoza
15	65	Naucalpan de Juárez
15	66	Tlalnepantla de Baz
15	67	Polotitlán
15	68	Jilotepec
15	69	Soyaniquilpan de Juárez
15	70	Villa del Carbón
15	71	Chapa de Mota
15	72	Nicolás Romero
15	73	Isidro Fabela
15	74	Jilotzingo
15	75	Tepotzotlán
15	76	Coyotepec
15	77	Huehuetoca
15	78	Cuautitlán Izcalli
15	79	Teoloyucan
15	80	Cuautitlán
15	81	Melchor Ocampo
15	82	Tultitlán
15	83	Tultepec
15	84	Ecatepec de Morelos
15	85	Zumpango
15	86	Tequixquiac
15	87	Apaxco
15	88	Hueypoxtla
15	89	Coacalco de Berriozábal
15	90	Tecámac
15	91	Jaltenco
15	92	Tonanitla
15	93	Nextlalpan
15	94	Teotihuacán
15	95	San Martín de las Pirámides
15	96	Acolman
15	97	Otumba
15	98	Axapusco
15	99	Nopaltepec
15	100	Temascalapa
15	101	Tezoyuca
15	102	Chiautla
15	103	Papalotla
15	104	Tepetlaoxtoc
15	105	Texcoco
15	106	Chiconcuac
15	107	Atenco
15	108	Chimalhuacán
15	109	Chicoloapan
15	110	La Paz
15	111	Ixtapaluca
15	112	Chalco
15	113	Valle de Chalco Solidaridad
15	114	Temamatla
15	115	Cocotitlán
15	116	Tlalmanalco
15	117	Ayapango
15	118	Tenango del Aire
15	119	Ozumba
15	120	Juchitepec
15	121	Tepetlixpa
15	122	Amecameca
15	123	Atlautla
15	124	Ecatzingo
15	125	Nezahualcóyotl
16	1	Morelia
16	2	Huaniqueo
16	3	Coeneo
16	4	Quiroga
16	5	Tzintzuntzan
16	6	Lagunillas
16	7	Acuitzio
16	8	Madero
16	9	Puruándiro
16	10	José Sixto Verduzco
16	11	Angamacutiro
16	12	Panindícuaro
16	13	Zacapu
16	14	Tlazazalca
16	15	Purépero
16	16	Jiménez
16	17	Morelos
16	18	Huandacareo
16	19	Cuitzeo
16	20	Chucándiro
16	21	Copándaro
16	22	Tarímbaro
16	23	Santa Ana Maya
16	24	Álvaro Obregón
16	25	Zinapécuaro
16	26	Indaparapeo
16	27	Queréndaro
16	28	Sahuayo
16	29	Briseñas
16	30	Cojumatlán de Régules
16	31	Venustiano Carranza
16	32	Pajacuarán
16	33	Vista Hermosa
16	34	Tanhuato
16	35	Yurécuaro
16	36	Ixtlán
16	37	La Piedad
16	38	Numarán
16	39	Churintzio
16	40	Zináparo
16	41	Penjamillo
16	42	Marcos Castellanos
16	43	Jiquilpan
16	44	Villamar
16	45	Chavinda
16	46	Zamora
16	47	Ecuandureo
16	48	Tangancícuaro
16	49	Chilchota
16	50	Jacona
16	51	Tangamandapio
16	52	Cotija
16	53	Tocumbo
16	54	Tingüindín
16	55	Uruapan
16	56	Charapan
16	57	Paracho
16	58	Cherán
16	59	Nahuatzen
16	60	Tingambato
16	61	Los Reyes
16	62	Peribán
16	63	Tancítaro
16	64	Nuevo Parangaricutiro
16	65	Buenavista
16	66	Tepalcatepec
16	67	Aguililla
16	68	Apatzingán
16	69	Parácuaro
16	70	Coahuayana
16	71	Chinicuila
16	72	Coalcomán de Vázquez Pallares
16	73	Aquila
16	74	Tumbiscatío
16	75	Arteaga
16	76	Lázaro Cárdenas
16	77	Epitacio Huerta
16	78	Contepec
16	79	Tlalpujahua
16	80	Hidalgo
16	81	Maravatío
16	82	Irimbo
16	83	Senguio
16	84	Charo
16	85	Tzitzio
16	86	Tiquicheo de Nicolás Romero
16	87	Aporo
16	88	Angangueo
16	89	Tuxpan
16	90	Ocampo
16	91	Jungapeo
16	92	Zitácuaro
16	93	Tuzantla
16	94	Juárez
16	95	Susupuato
16	96	Pátzcuaro
16	97	Erongarícuaro
16	98	Huiramba
16	99	Tacámbaro
16	100	Turicato
16	101	Ziracuaretiro
16	102	Taretan
16	103	Gabriel Zamora
16	104	Nuevo Urecho
16	105	Múgica
16	106	Salvador Escalante
16	107	Ario
16	108	La Huacana
16	109	Churumuco
16	110	Nocupétaro
16	111	Carácuaro
16	112	Huetamo
16	113	San Lucas
17	1	Cuernavaca
17	2	Huitzilac
17	3	Tepoztlán
17	4	Tlalnepantla
17	5	Tlayacapan
17	6	Jiutepec
17	7	Temixco
17	8	Miacatlán
17	9	Coatlán del Río
17	10	Tetecala
17	11	Mazatepec
17	12	Amacuzac
17	13	Puente de Ixtla
17	14	Ayala
17	15	Yautepec
17	16	Cuautla
17	17	Emiliano Zapata
17	18	Tlaltizapán de Zapata
17	19	Zacatepec
17	20	Xochitepec
17	21	Tetela del Volcán
17	22	Yecapixtla
17	23	Totolapan
17	24	Atlatlahucan
17	25	Ocuituco
17	26	Temoac
17	27	Zacualpan
17	28	Jojutla
17	29	Tepalcingo
17	30	Jonacatepec
17	31	Axochiapan
17	32	Jantetelco
17	33	Tlaquiltenango
18	1	Tepic
18	2	Tuxpan
18	3	Acaponeta
18	4	Tecuala
18	5	Huajicori
18	6	Del Nayar
18	7	Santiago Ixcuintla
18	8	La Yesca
18	9	Ruíz
18	10	Rosamorada
18	11	Compostela
18	12	Bahía de Banderas
18	13	San Blas
18	14	Xalisco
18	15	San Pedro Lagunillas
18	16	Santa María del Oro
18	17	Jala
18	18	Ahuacatlán
18	19	Ixtlán del Río
18	20	Amatlán de Cañas
19	1	Monterrey
19	2	Anáhuac
19	3	Lampazos de Naranjo
19	4	Mina
19	5	Bustamante
19	6	Sabinas Hidalgo
19	7	Villaldama
19	8	Vallecillo
19	9	Parás
19	10	Salinas Victoria
19	11	Ciénega de Flores
19	12	Hidalgo
19	13	Abasolo
19	14	Higueras
19	15	General Zuazua
19	16	Agualeguas
19	17	General Treviño
19	18	Cerralvo
19	19	Melchor Ocampo
19	20	García
19	21	General Escobedo
19	22	Santa Catarina
19	23	San Pedro Garza García
19	24	San Nicolás de los Garza
19	25	El Carmen
19	26	Apodaca
19	27	Pesquería
19	28	Marín
19	29	Doctor González
19	30	Los Ramones
19	31	Los Herreras
19	32	Los Aldamas
19	33	Doctor Coss
19	34	General Bravo
19	35	China
19	36	Guadalupe
19	37	Juárez
19	38	Santiago
19	39	Allende
19	40	General Terán
19	41	Cadereyta Jiménez
19	42	Montemorelos
19	43	Rayones
19	44	Linares
19	45	Iturbide
19	46	Galeana
19	47	Hualahuises
19	48	Doctor Arroyo
19	49	Aramberri
19	50	General Zaragoza
19	51	Mier y Noriega
20	1	Oaxaca de Juárez
20	2	Villa de Etla
20	3	San Juan Bautista Atatlahuca
20	4	San Jerónimo Sosola
20	5	San Juan Bautista Jayacatlán
20	6	San Francisco Telixtlahuaca
20	7	Santiago Tenango
20	8	San Pablo Huitzo
20	9	San Juan del Estado
20	10	Magdalena Apasco
20	11	Santiago Suchilquitongo
20	12	San Juan Bautista Guelache
20	13	Reyes Etla
20	14	Nazareno Etla
20	15	San Andrés Zautla
20	16	San Agustín Etla
20	17	Soledad Etla
20	18	Santo Tomás Mazaltepec
20	19	Guadalupe Etla
20	20	San Pablo Etla
20	21	San Felipe Tejalápam
20	22	San Lorenzo Cacaotepec
20	23	Santa María Peñoles
20	24	Santiago Tlazoyaltepec
20	25	Tlalixtac de Cabrera
20	26	San Jacinto Amilpas
20	27	San Andrés Huayápam
20	28	San Agustín Yatareni
20	29	Santo Domingo Tomaltepec
20	30	Santa María del Tule
20	31	San Juan Bautista Tuxtepec
20	32	Loma Bonita
20	33	San José Independencia
20	34	Cosolapa
20	35	Acatlán de Pérez Figueroa
20	36	San Miguel Soyaltepec
20	37	Ayotzintepec
20	38	San Pedro Ixcatlán
20	39	San José Chiltepec
20	40	San Felipe Jalapa de Díaz
20	41	Santa María Jacatepec
20	42	San Lucas Ojitlán
20	43	San Juan Bautista Valle Nacional
20	44	San Felipe Usila
20	45	Huautla de Jiménez
20	46	Santa María Chilchotla
20	47	Santa Ana Ateixtlahuaca
20	48	San Lorenzo Cuaunecuiltitla
20	49	San Francisco Huehuetlán
20	50	San Pedro Ocopetatillo
20	51	Santa Cruz Acatepec
20	52	Eloxochitlán de Flores Magón
20	53	Santiago Texcalcingo
20	54	Teotitlán de Flores Magón
20	55	Santa María Teopoxco
20	56	San Martín Toxpalan
20	57	San Jerónimo Tecóatl
20	58	Santa María la Asunción
20	59	Huautepec
20	60	San Juan Coatzóspam
20	61	San Lucas Zoquiápam
20	62	San Antonio Nanahuatípam
20	63	San José Tenango
20	64	San Mateo Yoloxochitlán
20	65	San Bartolomé Ayautla
20	66	Mazatlán Villa de Flores
20	67	San Juan de los Cués
20	68	Santa María Tecomavaca
20	69	Santa María Ixcatlán
20	70	San Juan Bautista Cuicatlán
20	71	Cuyamecalco Villa de Zaragoza
20	72	Santa Ana Cuauhtémoc
20	73	Chiquihuitlán de Benito Juárez
20	74	San Pedro Teutila
20	75	San Miguel Santa Flor
20	76	Santa María Tlalixtac
20	77	San Andrés Teotilálpam
20	78	San Francisco Chapulapa
20	79	Concepción Pápalo
20	80	Santos Reyes Pápalo
20	81	San Juan Bautista Tlacoatzintepec
20	82	Santa María Pápalo
20	83	San Juan Tepeuxila
20	84	San Pedro Sochiápam
20	85	Valerio Trujano
20	86	San Pedro Jocotipac
20	87	Santa María Texcatitlán
20	88	San Pedro Jaltepetongo
20	89	Santiago Nacaltepec
20	90	Natividad
20	91	San Juan Quiotepec
20	92	San Pedro Yólox
20	93	Santiago Comaltepec
20	94	Abejones
20	95	San Pablo Macuiltianguis
20	96	Ixtlán de Juárez
20	97	San Juan Atepec
20	98	San Pedro Yaneri
20	99	San Miguel Aloápam
20	100	Teococuilco de Marcos Pérez
20	101	Santa Ana Yareni
20	102	San Juan Evangelista Analco
20	103	Santa María Jaltianguis
20	104	San Miguel del Río
20	105	San Juan Chicomezúchil
20	106	Capulálpam de Méndez
20	107	Nuevo Zoquiápam
20	108	Santiago Xiacuí
20	109	Guelatao de Juárez
20	110	Santa Catarina Ixtepeji
20	111	San Miguel Yotao
20	112	Santa Catarina Lachatao
20	113	San Miguel Amatlán
20	114	Santa María Yavesía
20	115	Santiago Laxopa
20	116	San Ildefonso Villa Alta
20	117	Santiago Camotlán
20	118	San Juan Yaeé
20	119	Santiago Lalopa
20	120	San Juan Yatzona
20	121	Villa Talea de Castro
20	122	Tanetze de Zaragoza
20	123	San Juan Juquila Vijanos
20	124	San Cristóbal Lachirioag
20	125	Santa María Temaxcalapa
20	126	Santo Domingo Roayaga
20	127	Santa María Yalina
20	128	San Andrés Solaga
20	129	San Juan Tabaá
20	130	San Melchor Betaza
20	131	San Andrés Yaá
20	132	San Bartolomé Zoogocho
20	133	San Baltazar Yatzachi el Bajo
20	134	Santiago Zoochila
20	135	Villa Hidalgo
20	136	San Francisco Cajonos
20	137	San Mateo Cajonos
20	138	San Pedro Cajonos
20	139	Santo Domingo Xagacía
20	140	San Pablo Yaganiza
20	141	Santiago Choápam
20	142	Santiago Jocotepec
20	143	San Juan Lalana
20	144	Santiago Yaveo
20	145	San Juan Petlapa
20	146	San Juan Comaltepec
20	147	Heroica Ciudad de Huajuapan de León
20	148	Santiago Chazumba
20	149	Cosoltepec
20	150	San Pedro y San Pablo Tequixtepec
20	151	San Juan Bautista Suchitepec
20	152	Santa Catarina Zapoquila
20	153	Santiago Miltepec
20	154	San Jerónimo Silacayoapilla
20	155	Zapotitlán Palmas
20	156	San Andrés Dinicuiti
20	157	Santiago Cacaloxtepec
20	158	Asunción Cuyotepeji
20	159	Santa María Camotlán
20	160	Santiago Huajolotitlán
20	161	Santiago Tamazola
20	162	San Juan Cieneguilla
20	163	Zapotitlán Lagunas
20	164	San Juan Ihualtepec
20	165	San Nicolás Hidalgo
20	166	Guadalupe de Ramírez
20	167	San Andrés Tepetlapa
20	168	San Miguel Ahuehuetitlán
20	169	San Mateo Nejápam
20	170	San Juan Bautista Tlachichilco
20	171	Tezoatlán de Segura y Luna
20	172	Fresnillo de Trujano
20	173	Santiago Ayuquililla
20	174	San José Ayuquila
20	175	San Martín Zacatepec
20	176	San Miguel Amatitlán
20	177	Mariscala de Juárez
20	178	Santa Cruz Tacache de Mina
20	179	San Simón Zahuatlán
20	180	San Marcos Arteaga
20	181	San Jorge Nuchita
20	182	Santos Reyes Yucuná
20	183	Santo Domingo Tonalá
20	184	Santo Domingo Yodohino
20	185	San Juan Bautista Coixtlahuaca
20	186	Tepelmeme Villa de Morelos
20	187	Concepción Buenavista
20	188	Santiago Ihuitlán Plumas
20	189	Tlacotepec Plumas
20	190	San Francisco Teopan
20	191	Santa Magdalena Jicotlán
20	192	San Mateo Tlapiltepec
20	193	San Miguel Tequixtepec
20	194	San Miguel Tulancingo
20	195	Santiago Tepetlapa
20	196	San Cristóbal Suchixtlahuaca
20	197	Santa María Nativitas
20	198	Silacayoápam
20	199	Santiago Yucuyachi
20	200	San Lorenzo Victoria
20	201	San Agustín Atenango
20	202	Calihualá
20	203	Santa Cruz de Bravo
20	204	Ixpantepec Nieves
20	205	San Francisco Tlapancingo
20	206	Santiago del Río
20	207	San Pedro y San Pablo Teposcolula
20	208	La Trinidad Vista Hermosa
20	209	Villa de Tamazulápam del Progreso
20	210	San Pedro Nopala
20	211	Teotongo
20	212	San Antonio Acutla
20	213	Villa Tejúpam de la Unión
20	214	Santo Domingo Tonaltepec
20	215	Villa de Chilapa de Díaz
20	216	San Antonino Monte Verde
20	217	San Andrés Lagunas
20	218	San Pedro Yucunama
20	219	San Juan Teposcolula
20	220	San Bartolo Soyaltepec
20	221	Santiago Yolomécatl
20	222	San Sebastián Nicananduta
20	223	Santo Domingo Tlatayápam
20	224	Santa María Nduayaco
20	225	San Vicente Nuñú
20	226	San Pedro Topiltepec
20	227	Santiago Nejapilla
20	228	Asunción Nochixtlán
20	229	San Miguel Huautla
20	230	San Miguel Chicahua
20	231	Santa María Apazco
20	232	Santiago Apoala
20	233	Santa María Chachoápam
20	234	San Pedro Coxcaltepec Cántaros
20	235	Santiago Huauclilla
20	236	Santo Domingo Yanhuitlán
20	237	San Andrés Sinaxtla
20	238	San Juan Yucuita
20	239	San Juan Sayultepec
20	240	Santiago Tillo
20	241	San Francisco Chindúa
20	242	San Mateo Etlatongo
20	243	Santa Inés de Zaragoza
20	244	Santiago Juxtlahuaca
20	245	San Miguel Tlacotepec
20	246	San Sebastián Tecomaxtlahuaca
20	247	Santos Reyes Tepejillo
20	248	San Juan Mixtepec -Dto. 08 -
20	249	San Martín Peras
20	250	Coicoyán de las Flores
20	251	Heroica Ciudad de Tlaxiaco
20	252	San Juan Ñumí
20	253	San Pedro Mártir Yucuxaco
20	254	San Martín Huamelúlpam
20	255	Santa Cruz Tayata
20	256	Santiago Nundiche
20	257	Santa María del Rosario
20	258	San Juan Achiutla
20	259	Santa Catarina Tayata
20	260	San Cristóbal Amoltepec
20	261	San Miguel Achiutla
20	262	San Martín Itunyoso
20	263	Magdalena Peñasco
20	264	San Bartolomé Yucuañe
20	265	Santa Cruz Nundaco
20	266	San Agustín Tlacotepec
20	267	Santo Tomás Ocotepec
20	268	San Antonio Sinicahua
20	269	San Mateo Peñasco
20	270	Santa María Tataltepec
20	271	San Pedro Molinos
20	272	Santa María Yosoyúa
20	273	San Juan Teita
20	274	Magdalena Jaltepec
20	275	Magdalena Yodocono de Porfirio Díaz
20	276	San Miguel Tecomatlán
20	277	Magdalena Zahuatlán
20	278	San Francisco Nuxaño
20	279	San Pedro Tidaá
20	280	San Francisco Jaltepetongo
20	281	Santiago Tilantongo
20	282	San Juan Diuxi
20	283	San Andrés Nuxiño
20	284	San Juan Tamazola
20	285	Santo Domingo Nuxaá
20	286	Yutanduchi de Guerrero
20	287	San Pedro Teozacoalco
20	288	San Miguel Piedras
20	289	San Mateo Sindihui
20	290	Heroica Ciudad de Juchitán de Zaragoza
20	291	Ciudad Ixtepec
20	292	El Espinal
20	293	Santo Domingo Ingenio
20	294	Santa María Xadani
20	295	Santiago Niltepec
20	296	San Dionisio del Mar
20	297	Asunción Ixtaltepec
20	298	San Francisco del Mar
20	299	Unión Hidalgo
20	300	San Miguel Chimalapa
20	301	Santo Domingo Zanatepec
20	302	Reforma de Pineda
20	303	San Francisco Ixhuatán
20	304	San Pedro Tapanatepec
20	305	Chahuites
20	306	Santiago Zacatepec
20	307	Santo Domingo Tepuxtepec
20	308	San Juan Cotzocón
20	309	San Juan Mazatlán
20	310	Totontepec Villa de Morelos
20	311	Mixistlán de la Reforma
20	312	Santa María Tlahuitoltepec
20	313	Santa María Alotepec
20	314	Santiago Atitlán
20	315	Tamazulápam del Espíritu Santo
20	316	San Pedro y San Pablo Ayutla
20	317	Santa María Tepantlali
20	318	San Miguel Quetzaltepec
20	319	Asunción Cacalotepec
20	320	San Pedro Ocotepec
20	321	San Lucas Camotlán
20	322	Santiago Ixcuintepec
20	323	Matías Romero Avendaño
20	324	San Juan Guichicovi
20	325	Santo Domingo Petapa
20	326	Santa María Chimalapa
20	327	Santa María Petapa
20	328	El Barrio de la Soledad
20	329	Tlacolula de Matamoros
20	330	San Sebastián Abasolo
20	331	Villa Díaz Ordaz
20	332	Santa María Guelacé
20	333	Teotitlán del Valle
20	334	San Francisco Lachigoló
20	335	San Sebastián Teitipac
20	336	Santa Ana del Valle
20	337	San Pablo Villa de Mitla
20	338	Santiago Matatlán
20	339	Santo Domingo Albarradas
20	340	Rojas de Cuauhtémoc
20	341	San Juan Teitipac
20	342	Santa Cruz Papalutla
20	343	Magdalena Teitipac
20	344	San Jerónimo Tlacochahuaya
20	345	San Juan Guelavía
20	346	San Lucas Quiaviní
20	347	San Juan del Río
20	348	San Bartolomé Quialana
20	349	San Lorenzo Albarradas
20	350	San Pedro Totolápam
20	351	San Pedro Quiatoni
20	352	Santa María Zoquitlán
20	353	San Dionisio Ocotepec
20	354	San Carlos Yautepec
20	355	San Juan Juquila Mixes
20	356	Nejapa de Madero
20	357	Santa Ana Tavela
20	358	San Juan Lajarcia
20	359	San Bartolo Yautepec
20	360	Santa María Ecatepec
20	361	Asunción Tlacolulita
20	362	San Pedro Mártir Quiechapa
20	363	Santa María Quiegolani
20	364	Santa Catarina Quioquitani
20	365	Santa Catalina Quierí
20	366	Salina Cruz
20	367	Santiago Lachiguiri
20	368	Santa María Jalapa del Marqués
20	369	Santa María Totolapilla
20	370	Santiago Laollaga
20	371	Guevea de Humboldt
20	372	Santo Domingo Chihuitán
20	373	Santa María Guienagati
20	374	Magdalena Tequisistlán
20	375	Magdalena Tlacotepec
20	376	San Pedro Comitancillo
20	377	Santa María Mixtequilla
20	378	Santo Domingo Tehuantepec
20	379	San Pedro Huamelula
20	380	San Pedro Huilotepec
20	381	San Mateo del Mar
20	382	San Blas Atempa
20	383	Santiago Astata
20	384	San Miguel Tenango
20	385	Miahuatlán de Porfirio Díaz
20	386	San Nicolás
20	387	San Simón Almolongas
20	388	San Luis Amatlán
20	389	San José Lachiguiri
20	390	Sitio de Xitlapehua
20	391	San Francisco Logueche
20	392	Santa Ana
20	393	Santa Cruz Xitla
20	394	Monjas
20	395	San Ildefonso Amatlán
20	396	Santa Catarina Cuixtla
20	397	San José del Peñasco
20	398	San Cristóbal Amatlán
20	399	San Juan Mixtepec -Dto. 26 -
20	400	San Pedro Mixtepec -Dto. 26 -
20	401	Santa Lucía Miahuatlán
20	402	San Jerónimo Coatlán
20	403	San Sebastián Coatlán
20	404	San Pablo Coatlán
20	405	San Mateo Río Hondo
20	406	Santo Tomás Tamazulapan
20	407	San Andrés Paxtlán
20	408	Santa María Ozolotepec
20	409	San Miguel Coatlán
20	410	San Sebastián Río Hondo
20	411	San Miguel Suchixtepec
20	412	Santo Domingo Ozolotepec
20	413	San Francisco Ozolotepec
20	414	Santiago Xanica
20	415	San Marcial Ozolotepec
20	416	San Juan Ozolotepec
20	417	San Pedro Pochutla
20	418	Santo Domingo de Morelos
20	419	Santa Catarina Loxicha
20	420	San Agustín Loxicha
20	421	San Baltazar Loxicha
20	422	Santa María Colotepec
20	423	San Bartolomé Loxicha
20	424	Santa María Tonameca
20	425	Candelaria Loxicha
20	426	Pluma Hidalgo
20	427	San Pedro el Alto
20	428	San Mateo Piñas
20	429	Santa María Huatulco
20	430	San Miguel del Puerto
20	431	Putla Villa de Guerrero
20	432	Constancia del Rosario
20	433	Mesones Hidalgo
20	434	Santa María Zacatepec
20	435	San Pedro Amuzgos
20	436	La Reforma
20	437	Santa María Ipalapa
20	438	Chalcatongo de Hidalgo
20	439	Santa María Yucuhiti
20	440	San Esteban Atatlahuca
20	441	Santa Catarina Ticuá
20	442	Santiago Nuyoó
20	443	Santa Catarina Yosonotú
20	444	San Miguel el Grande
20	445	Santo Domingo Ixcatlán
20	446	San Pablo Tijaltepec
20	447	Santa Cruz Tacahua
20	448	Santa Lucía Monteverde
20	449	San Andrés Cabecera Nueva
20	450	Santa María Yolotepec
20	451	Santiago Yosondúa
20	452	Santa Cruz Itundujia
20	453	Zimatlán de Álvarez
20	454	San Bernardo Mixtepec
20	455	Santa Cruz Mixtepec
20	456	San Miguel Mixtepec
20	457	Santa María Atzompa
20	458	San Andrés Ixtlahuaca
20	459	Santa Cruz Amilpas
20	460	Santa Cruz Xoxocotlán
20	461	Santa Lucía del Camino
20	462	San Pedro Ixtlahuaca
20	463	San Antonio de la Cal
20	464	San Agustín de las Juntas
20	465	San Pablo Huixtepec
20	466	Ánimas Trujano
20	467	San Jacinto Tlacotepec
20	468	San Raymundo Jalpan
20	469	Trinidad Zaachila
20	470	Santa María Coyotepec
20	471	San Bartolo Coyotepec
20	472	Santa Inés Yatzeche
20	473	Ciénega de Zimatlán
20	474	San Antonio Huitepec
20	475	Villa de Zaachila
20	476	San Sebastián Tutla
20	477	San Miguel Peras
20	478	San Pablo Cuatro Venados
20	479	Santa Inés del Monte
20	480	Santa Gertrudis
20	481	San Antonino el Alto
20	482	Magdalena Mixtepec
20	483	Santa Catarina Quiané
20	484	Ayoquezco de Aldama
20	485	Santa Ana Tlapacoyan
20	486	Santa Cruz Zenzontepec
20	487	San Francisco Cahuacuá
20	488	San Mateo Yucutindoo
20	489	Santiago Textitlán
20	490	Santiago Amoltepec
20	491	Santa María Zaniza
20	492	Santo Domingo Teojomulco
20	493	Cuilápam de Guerrero
20	494	Villa Sola de Vega
20	495	Santa María Lachixío
20	496	San Vicente Lachixío
20	497	San Lorenzo Texmelúcan
20	498	Santa María Sola
20	499	San Francisco Sola
20	500	San Ildefonso Sola
20	501	Santiago Minas
20	502	Heroica Ciudad de Ejutla de Crespo
20	503	San Martín Tilcajete
20	504	Santo Tomás Jalieza
20	505	San Juan Chilateca
20	506	Ocotlán de Morelos
20	507	Santa Ana Zegache
20	508	Santiago Apóstol
20	509	San Antonino Castillo Velasco
20	510	Asunción Ocotlán
20	511	San Pedro Mártir
20	512	San Dionisio Ocotlán
20	513	Magdalena Ocotlán
20	514	San Miguel Tilquiápam
20	515	Santa Catarina Minas
20	516	San Baltazar Chichicápam
20	517	San Pedro Apóstol
20	518	Santa Lucía Ocotlán
20	519	San Jerónimo Taviche
20	520	San Andrés Zabache
20	521	San José del Progreso
20	522	Yaxe
20	523	San Pedro Taviche
20	524	San Martín de los Cansecos
20	525	San Martín Lachilá
20	526	La Pe
20	527	La Compañía
20	528	Coatecas Altas
20	529	San Juan Lachigalla
20	530	San Agustín Amatengo
20	531	Taniche
20	532	San Miguel Ejutla
20	533	Yogana
20	534	San Vicente Coatlán
20	535	Santiago Pinotepa Nacional
20	536	San Juan Cacahuatepec
20	537	San Juan Bautista Lo de Soto
20	538	Mártires de Tacubaya
20	539	San Sebastián Ixcapa
20	540	San Antonio Tepetlapa
20	541	Santa María Cortijo
20	542	Santiago Llano Grande
20	543	San Miguel Tlacamama
20	544	Santiago Tapextla
20	545	San José Estancia Grande
20	546	Santo Domingo Armenta
20	547	Santiago Jamiltepec
20	548	San Pedro Atoyac
20	549	San Juan Colorado
20	550	Santiago Ixtayutla
20	551	San Pedro Jicayán
20	552	Pinotepa de Don Luis
20	553	San Lorenzo
20	554	San Agustín Chayuco
20	555	San Andrés Huaxpaltepec
20	556	Santa Catarina Mechoacán
20	557	Santiago Tetepec
20	558	Santa María Huazolotitlán
20	559	Villa de Tututepec de Melchor Ocampo
20	560	Tataltepec de Valdés
20	561	San Juan Quiahije
20	562	San Miguel Panixtlahuaca
20	563	Santa Catarina Juquila
20	564	San Pedro Juchatengo
20	565	Santiago Yaitepec
20	566	San Juan Lachao
20	567	Santa María Temaxcaltepec
20	568	Santos Reyes Nopala
20	569	San Gabriel Mixtepec
20	570	San Pedro Mixtepec -Dto. 22 -
21	1	Puebla
21	2	Tlaltenango
21	3	San Miguel Xoxtla
21	4	Juan C. Bonilla
21	5	Coronango
21	6	Cuautlancingo
21	7	San Pedro Cholula
21	8	San Andrés Cholula
21	9	Ocoyucan
21	10	Amozoc
21	11	Francisco Z. Mena
21	12	Pantepec
21	13	Venustiano Carranza
21	14	Jalpan
21	15	Tlaxco
21	16	Tlacuilotepec
21	17	Xicotepec
21	18	Pahuatlán
21	19	Honey
21	20	Naupan
21	21	Huauchinango
21	22	Ahuazotepec
21	23	Juan Galindo
21	24	Tlaola
21	25	Zihuateutla
21	26	Jopala
21	27	Tlapacoya
21	28	Chignahuapan
21	29	Zacatlán
21	30	Chiconcuautla
21	31	Ahuacatlán
21	32	Tepetzintla
21	33	San Felipe Tepatlán
21	34	Amixtlán
21	35	Tepango de Rodríguez
21	36	Zongozotla
21	37	Hermenegildo Galeana
21	38	Olintla
21	39	Coatepec
21	40	Camocuautla
21	41	Hueytlalpan
21	42	Zapotitlán de Méndez
21	43	Huitzilan de Serdán
21	44	Xochitlán de Vicente Suárez
21	45	Huehuetla
21	46	Ixtepec
21	47	Atlequizayan
21	48	Tenampulco
21	49	Tuzamapan de Galeana
21	50	Caxhuacan
21	51	Jonotla
21	52	Zoquiapan
21	53	Nauzontla
21	54	Cuetzalan del Progreso
21	55	Ayotoxco de Guerrero
21	56	Hueytamalco
21	57	Acateno
21	58	Cuautempan
21	59	Aquixtla
21	60	Tetela de Ocampo
21	61	Xochiapulco
21	62	Zacapoaxtla
21	63	Zaragoza
21	64	Ixtacamaxtitlán
21	65	Zautla
21	66	Ocotepec
21	67	Libres
21	68	Tlatlauquitepec
21	69	Yaonáhuac
21	70	Hueyapan
21	71	Teteles de Avila Castillo
21	72	Atempan
21	73	Chignautla
21	74	Teziutlán
21	75	Xiutetelco
21	76	Cuyoaco
21	77	Tepeyahualco
21	78	San Martín Texmelucan
21	79	Tlahuapan
21	80	San Matías Tlalancaleca
21	81	San Salvador el Verde
21	82	San Felipe Teotlalcingo
21	83	Chiautzingo
21	84	Huejotzingo
21	85	Domingo Arenas
21	86	Calpan
21	87	San Nicolás de los Ranchos
21	88	Nealtican
21	89	San Jerónimo Tecuanipan
21	90	San Gregorio Atzompa
21	91	Tochimilco
21	92	Tianguismanalco
21	93	Santa Isabel Cholula
21	94	Atlixco
21	95	Huaquechula
21	96	San Diego la Mesa Tochimiltzingo
21	97	Tepeojuma
21	98	Izúcar de Matamoros
21	99	Atzitzihuacán
21	100	Acteopan
21	101	Cohuecan
21	102	Tepemaxalco
21	103	Tlapanalá
21	104	Tepexco
21	105	Tilapa
21	106	Chietla
21	107	Atzala
21	108	Teopantlán
21	109	San Martín Totoltepec
21	110	Xochiltepec
21	111	Epatlán
21	112	Ahuatlán
21	113	Coatzingo
21	114	Santa Catarina Tlaltempan
21	115	Chigmecatitlán
21	116	Zacapala
21	117	Tepexi de Rodríguez
21	118	Teotlalco
21	119	Jolalpan
21	120	Huehuetlán el Chico
21	121	Chiautla
21	122	Cohetzala
21	123	Xicotlán
21	124	Chila de la Sal
21	125	Ixcamilpa de Guerrero
21	126	Albino Zertuche
21	127	Tulcingo
21	128	Tehuitzingo
21	129	Cuayuca de Andrade
21	130	Santa Inés Ahuatempan
21	131	Axutla
21	132	Chinantla
21	133	Ahuehuetitla
21	134	San Pablo Anicano
21	135	Tecomatlán
21	136	Piaxtla
21	137	Guadalupe
21	138	Ixcaquixtla
21	139	Coyotepec
21	140	Xayacatlán de Bravo
21	141	Totoltepec de Guerrero
21	142	Acatlán
21	143	San Jerónimo Xayacatlán
21	144	San Pedro Yeloixtlahuaca
21	145	Petlalcingo
21	146	San Miguel Ixitlán
21	147	Chila
21	148	Rafael Lara Grajales
21	149	San José Chiapa
21	150	Oriental
21	151	San Nicolás Buenos Aires
21	152	Guadalupe Victoria
21	153	Tlachichuca
21	154	Lafragua
21	155	Chilchotla
21	156	Quimixtlán
21	157	Chichiquila
21	158	Tepatlaxco de Hidalgo
21	159	Acajete
21	160	Nopalucan
21	161	Mazapiltepec de Juárez
21	162	Soltepec
21	163	Acatzingo
21	164	San Salvador el Seco
21	165	General Felipe Ángeles
21	166	Aljojuca
21	167	San Juan Atenco
21	168	Tepeaca
21	169	Cuautinchán
21	170	Tecali de Herrera
21	171	Mixtla
21	172	Santo Tomás Hueyotlipan
21	173	Tzicatlacoyan
21	174	Huehuetlán el Grande
21	175	La Magdalena Tlatlauquitepec
21	176	San Juan Atzompa
21	177	Huatlatlauca
21	178	Los Reyes de Juárez
21	179	Cuapiaxtla de Madero
21	180	San Salvador Huixcolotla
21	181	Quecholac
21	182	Tecamachalco
21	183	Palmar de Bravo
21	184	Chalchicomula de Sesma
21	185	Atzitzintla
21	186	Esperanza
21	187	Cañada Morelos
21	188	Tlanepantla
21	189	Tochtepec
21	190	Atoyatempan
21	191	Tepeyahualco de Cuauhtémoc
21	192	Huitziltepec
21	193	Molcaxac
21	194	Xochitlán Todos Santos
21	195	Yehualtepec
21	196	Tlacotepec de Benito Juárez
21	197	Juan N. Méndez
21	198	Tepanco de López
21	199	Chapulco
21	200	Santiago Miahuatlán
21	201	Nicolás Bravo
21	202	Atexcal
21	203	Tehuacán
21	204	San Antonio Cañada
21	205	Zapotitlán
21	206	San Gabriel Chilac
21	207	Caltepec
21	208	Vicente Guerrero
21	209	Ajalpan
21	210	Eloxochitlán
21	211	Zoquitlán
21	212	San Sebastián Tlacotepec
21	213	Altepexi
21	214	Zinacatepec
21	215	San José Miahuatlán
21	216	Coxcatlán
21	217	Coyomeapan
22	1	Querétaro
22	2	El Marqués
22	3	Colón
22	4	Pinal de Amoles
22	5	Jalpan de Serra
22	6	Landa de Matamoros
22	7	Arroyo Seco
22	8	Peñamiller
22	9	Cadereyta de Montes
22	10	San Joaquín
22	11	Tolimán
22	12	Ezequiel Montes
22	13	Pedro Escobedo
22	14	Tequisquiapan
22	15	San Juan del Río
22	16	Amealco de Bonfil
22	17	Corregidora
22	18	Huimilpan
23	1	Othón P. Blanco
23	2	Felipe Carrillo Puerto
23	3	Lázaro Cárdenas
23	4	Isla Mujeres
23	5	Benito Juárez
23	6	Cozumel
23	7	Solidaridad
23	8	Tulum
23	9	José María Morelos
23	10	Bacalar
24	1	San Luis Potosí
24	2	Soledad de Graciano Sánchez
24	3	Cerro de San Pedro
24	4	Ahualulco
24	5	Mexquitic de Carmona
24	6	Villa de Arriaga
24	7	Vanegas
24	8	Cedral
24	9	Catorce
24	10	Charcas
24	11	Salinas
24	12	Santo Domingo
24	13	Villa de Ramos
24	14	Matehuala
24	15	Villa de la Paz
24	16	Villa de Guadalupe
24	17	Guadalcázar
24	18	Moctezuma
24	19	Venado
24	20	Villa de Arista
24	21	Villa Hidalgo
24	22	Armadillo de los Infante
24	23	Ebano
24	24	Tamuín
24	25	Ciudad Valles
24	26	El Naranjo
24	27	Ciudad del Maíz
24	28	Alaquines
24	29	Cárdenas
24	30	Cerritos
24	31	Villa Juárez
24	32	San Nicolás Tolentino
24	33	Villa de Reyes
24	34	Zaragoza
24	35	Santa María del Río
24	36	Tierra Nueva
24	37	Rioverde
24	38	Ciudad Fernández
24	39	San Ciro de Acosta
24	40	Tamasopo
24	41	Rayón
24	42	Aquismón
24	43	Lagunillas
24	44	Santa Catarina
24	45	Tancanhuitz
24	46	Tanlajás
24	47	San Vicente Tancuayalab
24	48	San Antonio
24	49	Tanquián de Escobedo
24	50	Tampamolón Corona
24	51	Coxcatlán
24	52	Huehuetlán
24	53	Xilitla
24	54	Axtla de Terrazas
24	55	Tampacán
24	56	San Martín Chalchicuautla
24	57	Tamazunchale
24	58	Matlapa
25	1	Culiacán
25	2	Navolato
25	3	Badiraguato
25	4	Cosalá
25	5	Mocorito
25	6	Guasave
25	7	Ahome
25	8	Salvador Alvarado
25	9	Angostura
25	10	Choix
25	11	El Fuerte
25	12	Sinaloa
25	13	Mazatlán
25	14	Escuinapa
25	15	Concordia
25	16	Elota
25	17	Rosario
25	18	San Ignacio
25	1	Hermosillo
26	2	San Miguel de Horcasitas
26	3	Carbó
26	4	San Luis Río Colorado
26	5	Puerto Peñasco
26	6	General Plutarco Elías Calles
26	7	Caborca
26	8	Altar
26	9	Tubutama
26	10	Atil
26	11	Oquitoa
26	12	Sáric
26	13	Benjamín Hill
26	14	Trincheras
26	15	Pitiquito
26	16	Nogales
26	17	Imuris
26	18	Santa Cruz
26	19	Magdalena
26	20	Naco
26	21	Agua Prieta
26	22	Fronteras
26	23	Nacozari de García
26	24	Bavispe
26	25	Bacerac
26	26	Huachinera
26	27	Nácori Chico
26	28	Granados
26	29	Bacadéhuachi
26	30	Cumpas
26	31	Huásabas
26	32	Moctezuma
26	33	Villa Hidalgo
26	34	Santa Ana
26	35	Cananea
26	36	Arizpe
26	37	Cucurpe
26	38	Bacoachi
26	39	San Pedro de la Cueva
26	40	Divisaderos
26	41	Tepache
26	42	Villa Pesqueira
26	43	Opodepe
26	44	Huépac
26	45	Banámichi
26	46	Ures
26	47	Aconchi
26	48	Baviácora
26	49	San Felipe de Jesús
26	50	Rayón
26	51	Cajeme
26	52	Navojoa
26	53	Huatabampo
26	54	Bácum
26	55	Etchojoa
26	56	Benito Juárez
26	57	Empalme
26	58	Guaymas
26	59	San Ignacio Río Muerto
26	60	La Colorada
26	61	Mazatán
26	62	Suaqui Grande
26	63	Sahuaripa
26	64	San Javier
26	65	Soyopa
26	66	Bacanora
26	67	Arivechi
26	68	Rosario
26	69	Quiriego
26	70	Onavas
26	71	Alamos
26	72	Yécora
27	1	Centro
27	2	Jalpa de Méndez
27	3	Nacajuca
27	4	Huimanguillo
27	5	Cárdenas
27	6	Paraíso
27	7	Comalcalco
27	8	Cunduacán
27	9	Macuspana
27	10	Centla
27	11	Jonuta
27	12	Teapa
27	13	Jalapa
27	14	Tacotalpa
27	15	Tenosique
27	16	Balancán
27	17	Emiliano Zapata
28	1	Llera
28	2	Güémez
28	3	Casas
28	4	Victoria
28	5	Valle Hermoso
28	6	Matamoros
28	7	San Fernando
28	8	Cruillas
28	9	San Nicolás
28	10	Soto la Marina
28	11	Jiménez
28	12	San Carlos
28	13	Abasolo
28	14	Padilla
28	15	Hidalgo
28	16	Mainero
28	17	Villagrán
28	18	Tula
28	19	Jaumave
28	20	Miquihuana
28	21	Bustamante
28	22	Palmillas
28	23	Ocampo
28	24	Miguel Alemán
28	25	Nuevo Laredo
28	26	Guerrero
28	27	Mier
28	28	Gustavo Díaz Ordaz
28	29	Camargo
28	30	Reynosa
28	31	Méndez
28	32	Burgos
28	33	Río Bravo
28	34	Tampico
28	35	Ciudad Madero
28	36	Altamira
28	37	Aldama
28	38	González
28	39	Xicoténcatl
28	40	Gómez Farías
28	41	El Mante
28	42	Antiguo Morelos
28	43	Nuevo Morelos
29	1	Tlaxcala
29	2	Ixtacuixtla de Mariano Matamoros
29	3	Santa Ana Nopalucan
29	4	Panotla
29	5	Totolac
29	6	Tepeyanco
29	7	Santa Isabel Xiloxoxtla
29	8	San Juan Huactzinco
29	9	Calpulalpan
29	10	Sanctórum de Lázaro Cárdenas
29	11	Benito Juárez
29	12	Hueyotlipan
29	13	Tlaxco
29	14	Nanacamilpa de Mariano Arista
29	15	Españita
29	16	Apizaco
29	17	Atlangatepec
29	18	Muñoz de Domingo Arenas
29	19	Tetla de la Solidaridad
29	20	Xaltocan
29	21	San Lucas Tecopilco
29	22	Yauhquemehcan
29	23	Xaloztoc
29	24	Tocatlán
29	25	Tzompantepec
29	26	San José Teacalco
29	27	Huamantla
29	28	Terrenate
29	29	Lázaro Cárdenas
29	30	Emiliano Zapata
29	31	Atltzayanca
29	32	Cuapiaxtla
29	33	El Carmen Tequexquitla
29	34	Ixtenco
29	35	Ziltlaltépec de Trinidad Sánchez Santos
29	36	Apetatitlán de Antonio Carvajal
29	37	Amaxac de Guerrero
29	38	Santa Cruz Tlaxcala
29	39	Cuaxomulco
29	40	Contla de Juan Cuamatzi
29	41	Tepetitla de Lardizábal
29	42	Natívitas
29	43	Santa Apolonia Teacalco
29	44	Tetlatlahuca
29	45	San Damián Texóloc
29	46	San Jerónimo Zacualpan
29	47	Zacatelco
29	48	San Lorenzo Axocomanitla
29	49	Santa Catarina Ayometla
29	50	Xicohtzinco
29	51	Papalotla de Xicohténcatl
29	52	Chiautempan
29	53	La Magdalena Tlaltelulco
29	54	San Francisco Tetlanohcan
29	55	Teolocholco
29	56	Acuamanala de Miguel Hidalgo
29	57	Santa Cruz Quilehtla
29	58	Mazatecochco de José María Morelos
29	59	Tenancingo
29	60	San Pablo del Monte
30	1	Xalapa
30	2	Tlalnelhuayocan
30	3	Xico
30	4	Ixhuacán de los Reyes
30	5	Ayahualulco
30	6	Perote
30	7	Banderilla
30	8	Rafael Lucio
30	9	Acajete
30	10	Las Vigas de Ramírez
30	11	Villa Aldama
30	12	Tlacolulan
30	13	Tonayán
30	14	Coacoatzintla
30	15	Jilotepec
30	16	Naolinco
30	17	Miahuatlán
30	18	Acatlán
30	19	Tepetlán
30	20	Juchique de Ferrer
30	21	Alto Lucero de Gutiérrez Barrios
30	22	Actopan
30	23	Coatepec
30	24	Teocelo
30	25	Cosautlán de Carvajal
30	26	Emiliano Zapata
30	27	Apazapan
30	28	Puente Nacional
30	29	Ursulo Galván
30	30	Paso de Ovejas
30	31	La Antigua
30	32	Veracruz
30	33	Pueblo Viejo
30	34	Tampico Alto
30	35	Tempoal
30	36	Ozuluama de Mascareñas
30	37	Tantoyuca
30	38	Platón Sánchez
30	39	Chiconamel
30	40	Chalma
30	41	Chontla
30	42	Citlaltépetl
30	43	Ixcatepec
30	44	Naranjos Amatlán
30	45	El Higo
30	46	Chinampa de Gorostiza
30	47	Tantima
30	48	Tamalín
30	49	Cerro Azul
30	50	Tepetzintla
30	51	Tancoco
30	52	Tamiahua
30	53	Huayacocotla
30	54	Ilamatlán
30	55	Zontecomatlán de López y Fuentes
30	56	Texcatepec
30	57	Zacualpan
30	58	Benito Juárez
30	59	Tlachichilco
30	60	Ixhuatlán de Madero
30	61	Chicontepec
30	62	Álamo Temapache
30	63	Tuxpan
30	64	Tihuatlán
30	65	Castillo de Teayo
30	66	Cazones de Herrera
30	67	Zozocolco de Hidalgo
30	68	Chumatlán
30	69	Coxquihui
30	70	Mecatlán
30	71	Filomeno Mata
30	72	Coahuitlán
30	73	Coyutla
30	74	Coatzintla
30	75	Espinal
30	76	Poza Rica de Hidalgo
30	77	Papantla
30	78	Gutiérrez Zamora
30	79	Tecolutla
30	80	Martínez de la Torre
30	81	San Rafael
30	82	Tlapacoyan
30	83	Jalacingo
30	84	Atzalan
30	85	Altotonga
30	86	Las Minas
30	87	Tatatila
30	88	Tenochtitlán
30	89	Nautla
30	90	Misantla
30	91	Landero y Coss
30	92	Chiconquiaco
30	93	Yecuatla
30	94	Colipa
30	95	Vega de Alatorre
30	96	Pánuco
30	97	Jalcomulco
30	98	Tlaltetela
30	99	Tenampa
30	100	Totutla
30	101	Sochiapa
30	102	Tlacotepec de Mejía
30	103	Huatusco
30	104	Calcahualco
30	105	Alpatláhuac
30	106	Coscomatepec
30	107	La Perla
30	108	Chocamán
30	109	Tomatlán
30	110	Ixhuatlán del Café
30	111	Tepatlaxco
30	112	Comapa
30	113	Zentla
30	114	Camarón de Tejeda
30	115	Soledad de Doblado
30	116	Manlio Fabio Altamirano
30	117	Jamapa
30	118	Medellín
30	119	Boca del Río
30	120	Orizaba
30	121	Rafael Delgado
30	122	Mariano Escobedo
30	123	Ixhuatlancillo
30	124	Atzacan
30	125	Ixtaczoquitlán
30	126	Fortín
30	127	Córdoba
30	128	Maltrata
30	129	Nogales
30	130	Río Blanco
30	131	Camerino Z. Mendoza
30	132	Aquila
30	133	Acultzingo
30	134	Soledad Atzompa
30	135	Huiloapan de Cuauhtémoc
30	136	Tlaquilpa
30	137	Astacinga
30	138	Xoxocotla
30	139	Atlahuilco
30	140	Tequila
30	141	San Andrés Tenejapan
30	142	Tlilapan
30	143	Magdalena
30	144	Naranjal
30	145	Coetzala
30	146	Omealca
30	147	Cuitláhuac
30	148	Cuichapa
30	149	Yanga
30	150	Amatlán de los Reyes
30	151	Atoyac
30	152	Paso del Macho
30	153	Carrillo Puerto
30	154	Cotaxtla
30	155	Zongolica
30	156	Tehuipango
30	157	Mixtla de Altamirano
30	158	Los Reyes
30	159	Texhuacán
30	160	Tezonapa
30	161	Tierra Blanca
30	162	Tlalixcoyan
30	163	Ignacio de la Llave
30	164	Alvarado
30	165	Lerdo de Tejada
30	166	Carlos A. Carrillo
30	167	Tres Valles
30	168	Cosamaloapan de Carpio
30	169	Ixmatlahuacan
30	170	Acula
30	171	Amatitlán
30	172	Tlacotalpan
30	173	Saltabarranca
30	174	Otatitlán
30	175	Tlacojalpan
30	176	Tuxtilla
30	177	Chacaltianguis
30	178	José Azueta
30	179	Playa Vicente
30	180	Santiago Sochiapan
30	181	Isla
30	182	Juan Rodríguez Clara
30	183	San Andrés Tuxtla
30	184	Santiago Tuxtla
30	185	Angel R. Cabada
30	186	Hueyapan de Ocampo
30	187	Catemaco
30	188	Soteapan
30	189	Mecayapan
30	190	Tatahuicapan de Juárez
30	191	Pajapan
30	192	Chinameca
30	193	Acayucan
30	194	San Juan Evangelista
30	195	Sayula de Alemán
30	196	Oluta
30	197	Soconusco
30	198	Texistepec
30	199	Jáltipan
30	200	Zaragoza
30	201	Oteapan
30	202	Cosoleacaque
30	203	Nanchital de Lázaro Cárdenas del Río
30	204	Ixhuatlán del Sureste
30	205	Moloacán
30	206	Coatzacoalcos
30	207	Agua Dulce
30	208	Minatitlán
30	209	Hidalgotitlán
30	210	Jesús Carranza
30	211	Las Choapas
30	212	Uxpanapa
31	1	Mérida
31	2	Progreso
31	3	Chicxulub Pueblo
31	4	Ixil
31	5	Conkal
31	6	Yaxkukul
31	7	Hunucmá
31	8	Ucú
31	9	Kinchil
31	10	Tetiz
31	11	Celestún
31	12	Kanasín
31	13	Timucuy
31	14	Acanceh
31	15	Tixpéhual
31	16	Umán
31	17	Telchac Pueblo
31	18	Dzemul
31	19	Telchac Puerto
31	20	Cansahcab
31	21	Sinanché
31	22	Yobaín
31	23	Motul
31	24	Baca
31	25	Mocochá
31	26	Muxupip
31	27	Cacalchén
31	28	Bokobá
31	29	Tixkokob
31	30	Hoctún
31	31	Tahmek
31	32	Dzidzantún
31	33	Temax
31	34	Tekantó
31	35	Teya
31	36	Suma
31	37	Tepakán
31	38	Tekal de Venegas
31	39	Izamal
31	40	Hocabá
31	41	Xocchel
31	42	Seyé
31	43	Cuzamá
31	44	Homún
31	45	Sanahcat
31	46	Huhí
31	47	Dzilam González
31	48	Dzilam de Bravo
31	49	Panabá
31	50	San Felipe
31	51	Buctzotz
31	52	Sucilá
31	53	Cenotillo
31	54	Dzoncauich
31	55	Tunkás
31	56	Quintana Roo
31	57	Dzitás
31	58	Kantunil
31	59	Sudzal
31	60	Tekit
31	61	Sotuta
31	62	Tizimín
31	63	Río Lagartos
31	64	Espita
31	65	Temozón
31	66	Calotmul
31	67	Tinum
31	68	Chankom
31	69	Chichimilá
31	70	Tixcacalcupul
31	71	Kaua
31	72	Cuncunul
31	73	Tekom
31	74	Chemax
31	75	Valladolid
31	76	Uayma
31	77	Maxcanú
31	78	Samahil
31	79	Opichén
31	80	Chocholá
31	81	Kopomá
31	82	Tecoh
31	83	Abalá
31	84	Halachó
31	85	Muna
31	86	Sacalum
31	87	Maní
31	88	Dzán
31	89	Chapab
31	90	Ticul
31	91	Oxkutzcab
31	92	Santa Elena
31	93	Mama
31	94	Chumayel
31	95	Mayapán
31	96	Teabo
31	97	Cantamayec
31	98	Yaxcabá
31	99	Peto
31	100	Chikindzonot
31	101	Tahdziú
31	102	Tixmehuac
31	103	Chacsinkín
31	104	Tzucacab
31	105	Tekax
31	106	Akil
32	1	Zacatecas
32	2	Morelos
32	3	Vetagrande
32	4	Concepción del Oro
32	5	Melchor Ocampo
32	6	Mazapil
32	7	El Salvador
32	8	Juan Aldama
32	9	Miguel Auza
32	10	General Francisco R. Murguía
32	11	Río Grande
32	12	Villa de Cos
32	13	Cañitas de Felipe Pescador
32	14	Calera
32	15	Pánuco
32	16	General Enrique Estrada
32	17	Trancoso
32	18	Guadalupe
32	19	Genaro Codina
32	20	Cuauhtémoc
32	21	Ojocaliente
32	22	General Pánfilo Natera
32	23	Luis Moya
32	24	Loreto
32	25	Villa González Ortega
32	26	Noria de Ángeles
32	27	Villa García
32	28	Pinos
32	29	Villa Hidalgo
32	30	Sombrerete
32	31	Sain Alto
32	32	Fresnillo
32	33	Valparaíso
32	34	Chalchihuites
32	35	Jiménez del Teul
32	36	Monte Escobedo
32	37	Jerez
32	38	Susticacán
32	39	Villanueva
32	40	Tepetongo
32	41	El Plateado de Joaquín Amaro
32	42	Jalpa
32	43	Tabasco
32	44	Huanusco
32	45	Tlaltenango de Sánchez Román
32	46	Momax
32	47	Atolinga
32	48	Tepechitlán
32	49	Benito Juárez
32	50	Teúl de González Ortega
32	51	Santa María de la Paz
32	52	Trinidad García de la Cadena
32	53	Mezquital del Oro
32	54	Nochistlán de Mejía
32	55	Apulco
32	56	Apozol
32	57	Juchipila
32	58	Moyahua de Estrada
